account,name,link,keywords,language
@arevsumer,Arev Pelin Sümer,https://ecoevo.social/@arevsumer,population_genetics ancient_dna archaic_humans,en
@markella_moraitou,Markella Moraitou,https://ecoevo.social/@markella_moraitou,metagenomics microbiomes,gr en
@hringbauer@ecoevo.social,Harald Ringbauer,https://ecoevo.social/@hringbauer,ancient_dna population_genetics bioinformatics,en
@larusnz@ecoevo.social,Jamie Wood,https://ecoevo.social/@larusnz,environmental_dna palaeoecology evolution,en
@PalaeoPete@mastodon.social,Pete Heintzman,https://mastodon.social/@PalaeoPete,ancient_dna sediments paleontology,en
@Sallywasef@genomic.social,Sally Wasef,https://genomic.social/@Sallywasef,palaeogenomics forensics ancient_dna,en
@ezgi@ecoevo.social,Ezgi Altınışık,https://ecoevo.social/@ezgi,ancient_dna population_history anatolia anthropology,en tr
@Gunnar_Neumann@ecoevo.social,Gunnar Neumann,https://ecoevo.social/@Gunnar_Neumann,pathogens,en de
@jfy133@genomics.social,James Fellows Yates,https://genomic.social/@jfy133,metagenomics bioinformatics microbiomes,en
